date,strat_ret,bench_ret,top_tickers,n_available,cum_strat,cum_bench,relative
2000-01-01,0.007323558143888601,0.05698445188631322,"EWH, EWL, SPY",17,1.0073235581438886,1.0569844518863132,0.9530164387434471
2000-02-01,0.0419900583334028,0.017513182437633067,"EWS, EWW, EWC",17,1.0496211331109613,1.07549561342594,0.9759418076726908
2000-03-01,-0.0356414277720148,-0.05407059946814781,"EWS, EWM, EWQ",17,1.0122111373072065,1.017342920882636,0.9949556993319646
2000-04-01,-0.030431063265988028,-0.018471606319787347,"EWH, EWS, EWM",17,0.9814084761492732,0.9985509629558692,0.9828326370485373
2000-05-01,0.0830185267978836,0.04240683736374004,"EWH, EWS, EWJ",17,1.0628835620261416,1.0408963512413447,1.0211233431249669
2000-06-01,-0.01731574291070617,-0.019416613826092388,"EWD, EWM, EWC",17,1.0444789435220814,1.0206856687563028,1.023311069699617
2000-07-01,0.015631125108522135,-0.029441533404531327,"EWM, EWH, EWS",17,1.0608053245614921,0.9906351175440877,1.070833554933289
2000-08-01,0.06596231487398577,-0.01116075666628686,"EWC, EWA, EWJ",17,1.1307784994002181,0.9795788800520996,1.154351652967525
2000-09-01,-0.09532527239811704,-0.020912860415948274,"EWY, QQQ, EWJ",19,1.0229867309229583,0.9590930836671591,1.0666188176558395
2000-10-01,-0.0545888105681153,-0.07389892454698775,"EWY, EWA, EWP",20,0.9671431020549095,0.8882171362437018,1.088858864111751
2000-11-01,0.0472605064277229,0.019642527842154194,"EWP, EWY, EWH",21,1.0128507748461035,0.9056639660722471,1.1183516323816132
2000-12-01,0.07238014750600326,0.09336877599133563,"EWW, EWS, EWN",21,1.0861610633310343,0.9902247020438713,1.0968834256398026
2001-01-01,-0.05513145493671367,-0.08571558087842147,"EWT, EWJ, EWP",21,1.0262794236139865,0.905347016508019,1.1335757504038744
2001-02-01,-0.09451075041577295,-0.09037909940441431,"QQQ, EWT, EWY",21,0.9292849851519617,0.8235225685075508,1.128426858824381
2001-03-01,0.11136126387266665,0.06224828398391812,"EWL, QQQ, EWY",21,1.0327713355963763,0.8747854352191744,1.1805996007896715
2001-04-01,-0.030172168065177796,-0.02044930078015267,"QQQ, EWH, EWD",21,1.0016103852858644,0.8568966847362807,1.168881153501161
2001-05-01,-0.03891886795496633,-0.017993422378077533,"EWH, EWG, EWD",21,0.9626288429586008,0.8414781807534464,1.1439736228177397
2001-06-01,-0.08599955027539496,-0.030928731894075464,"EWG, EWY, EWT",21,0.8798431953820374,0.8154523277062087,1.0789633746671055
2001-07-01,-0.0306965552993933,-0.03504551318750665,"EWT, EWG, EWJ",21,0.8528350400801977,0.7868743824017977,1.0838261597449221
2001-08-01,-0.15372860662916885,-0.1345875029499458,"EWC, EWY, QQQ",21,0.7217298976841375,0.680970924139059,1.05985420537097
2001-09-01,0.07609339564311553,0.050000815760295345,"EWA, EWW, EWS",21,0.776648776336082,0.7150200258550542,1.086191642545017
2001-10-01,0.08902308309080241,0.0862921728848155,"EWZ, EWW, EWL",21,0.8457884448842189,0.7767206575422438,1.08892230002035
2001-11-01,0.0522597954417356,0.04367864305692434,"EWJ, EWZ, EWS",21,0.8899891760008519,0.810646761897971,1.0978754469050318
2001-12-01,-0.0360585305576454,-0.005332170612149362,"EWH, EWD, EWI",21,0.8578974741020515,0.8063242550573446,1.0639608925580926
2002-01-01,0.010752802416955032,0.004201136693117962,"EWD, EWL, EWG",21,0.8671222761350756,0.8097117334718171,1.0709024462534318
2002-02-01,0.06352048938616904,0.05712750507052803,"EWT, IWM, SPY",21,0.9222023074728244,0.8559685446313944,1.0773787346005246
2002-03-01,0.012987398884521634,-0.006588201108756823,"EWJ, EWZ, EWN",21,0.9341793166922003,0.8503292517165929,1.098608938603883
2002-04-01,-0.047629492300759795,-0.011172917145529298,"EWZ, EWM, EWI",21,0.8896848301202802,0.8408285934407436,1.0581048706724074
2002-05-01,-0.06559621075657207,-0.05869467310485107,"QQQ, EWY, EWQ",21,0.8313248764967853,0.7914764340115273,1.0503469727876669
2002-06-01,-0.16482409554261812,-0.11036873075141408,"EWZ, EWC, EWA",21,0.694302505626124,0.7041221845700197,0.9860540128416884
2002-07-01,0.006359614776904201,0.011361339498933493,"EWP, EWD, EWT",21,0.6987180021005455,0.7121219557576505,0.9811774464349381
2002-08-01,-0.10570860560217533,-0.13110739549779757,"IWM, SPY, EWM",21,0.624857496389359,0.6187575008614671,1.0098584591207365
2002-09-01,0.17469374833330953,0.08698376885448872,"EWG, EWN, EWZ",21,0.7340161946077834,0.6725793602933821,1.0913451080146177
2002-10-01,0.0668142442604361,0.06034343039062862,"EWD, EWM, EWQ",21,0.7830589319254236,0.7131651061034193,1.098005111612778
2002-11-01,-0.039783854732470265,-0.06014722000538832,"EWM, EWJ, EWH",21,0.7519058291307392,0.6702702075664508,1.121795091953561
2002-12-01,-0.033816251586939766,0.006349542618397733,"EWZ, EWN, EWL",21,0.7264791924431676,0.6745261168152363,1.0770215923932298
2003-01-01,-0.004334377201197598,-0.026656196435479125,"QQQ, EWS, EWW",21,0.7233303575942975,0.6565458161445484,1.1017210677572051
2003-02-01,-0.009987174286893134,-0.01909479160059719,"EWW, EWU, EWQ",21,0.7161063312460025,0.6440092106090243,1.11195044954217
2003-03-01,-0.007541179856141867,0.1055804225866078,"EWT, EWH, EWJ",21,0.7107060446059545,0.7120039752147928,0.9981770739293321
2003-04-01,0.07241450913870823,0.07514836557879012,"EWT, EWZ, EWW",21,0.7621714739680077,0.7655099102377858,0.995638937882932
2003-05-01,0.0373327579419979,0.02189022821579963,"QQQ, EWC, EWY",21,0.7906254371159511,0.7822670968743471,1.0106847651844246
2003-06-01,0.015923726275643233,0.043345629429482564,"EWG, EWP, EWU",22,0.8032151401631463,0.8161749565703397,0.9841212765683819
2003-07-01,0.047163339326518894,0.03739406869074359,"EWJ, EWU, IWM",22,0.8410974483708583,0.8466950589599957,0.993388870609434
2003-08-01,0.021947528917766034,0.008520235665408138,"EWP, EWU, EWI",22,0.8595574589416369,0.8539091003990715,1.0066147070454288
2003-09-01,0.0703613805907806,0.07636509945676442,"IWM, EWN, EWQ",22,0.9200371084498737,0.9191179537780828,1.0010000399491847
2003-10-01,0.05649112953954727,0.02187092170862686,"EZA, EWQ, IWM",22,0.9720110439245062,0.9392199105861565,1.0349131582164661
2003-11-01,0.04664908654276464,0.048484736606361316,"EWY, EWW, EWC",22,1.0173544712330636,0.9847577405663764,1.0331012687932155
2003-12-01,0.0397512719375208,0.04787879590949465,"EWC, EWD, EWP",22,1.0577956054759017,1.031906755447249,1.0250883618040003
2004-01-01,0.013461809240480502,0.03041742767179748,"EWP, QQQ, IWM",22,1.072035448132237,1.0632947045451049,1.0082204336669498
2004-02-01,0.005738929636162966,-0.007758505993007602,"EZA, EWC, EWS",22,1.0781877841365404,1.0550451262075584,1.021935230403054
2004-03-01,-0.031211161451834234,-0.05281096108938159,"EWN, EWA, EWU",22,1.0445362911304594,0.9993271790998695,1.0452395501454403
2004-04-01,0.0006057674601521989,0.013449957177938298,"EWT, EWM, EWQ",22,1.0451690372265745,1.0127680868655127,1.03199246775374
2004-05-01,0.0452082993823115,0.023243797746003925,"EWG, EWC, EWZ",22,1.0924193519666359,1.0363086634402219,1.054144764495304
2004-06-01,-0.06761366305628896,-0.03294339124873403,"EWJ, EWP, EWY",22,1.0185568779865943,1.002169141686058,1.0163522659188702
2004-07-01,0.02460789066944567,0.02177220756497548,"EWZ, SPY, EWG",22,1.0436214142807003,1.0239885762540604,1.0191729072783804
2004-08-01,0.029141869944308934,0.04046893726298562,"EWY, IWM, EWT",22,1.0740344938067643,1.0654283057045,1.008077679235839
2004-09-01,0.03326489612532127,0.03600974375138354,"EWN, IWM, EWJ",22,1.1097621396782582,1.1037941059783898,1.0054068359919157
2004-10-01,0.057853618904867704,0.07506153334542383,"EWP, EWJ, EWU",22,1.1739658955822547,1.186646584070769,0.9893138457071073
2004-11-01,0.0328270921230884,0.028684051030373862,"EWT, EWQ, EWS",22,1.2125037821858975,1.2206844152432736,0.99329832268257
2004-12-01,-0.024956845628358103,-0.007602883673054342,"EWQ, QQQ, SPY",22,1.1822435124700836,1.2114036936326686,0.9759286014102024
2005-01-01,0.05010176807641716,0.04850479668124279,"EWM, EWZ, QQQ",22,1.2414760027417084,1.2701625834912278,0.9774150324357138
2005-02-01,-0.054941943179722265,-0.039591229513204255,"EWJ, EWH, EWW",22,1.1732668987400847,1.2198752851291421,0.9617924988257114
2005-03-01,0.0052678372610719,-0.022824026024536804,"EWH, EWW, EWA",22,1.17944747782645,1.1920328198746653,0.9894421178356998
2005-04-01,-0.011592111074757433,0.021397182067300256,"EWQ, EZA, EWM",22,1.1657751916566435,1.2175389631517208,0.9574849158329343
2005-05-01,0.026849915282541135,0.019211682323797927,"EZA, EWZ, EWD",22,1.1970761567911126,1.240929934928638,0.9646605526201225
2005-06-01,0.03969897973043457,0.05224722250227699,"EWJ, EWD, EWL",22,1.2445988588753494,1.3057650773485907,0.9531567970883079
2005-07-01,0.04416092161153263,0.0145629202848441,"EWZ, EWP, EWI",22,1.2995614915199467,1.3247808300807515,0.980963388065279
2005-08-01,0.07353215872040937,0.04371837879933633,"EWZ, EWS, EWQ",22,1.3951210533813234,1.382698100236321,1.0089845738146883
2005-09-01,-0.017162719513346067,-0.0396256914406286,"EWG, IWM, EWL",22,1.371176982054976,1.3279077319608132,1.032584530575984
2005-10-01,0.03273319813170243,0.036953788857695104,"EWD, EWI, EWW",22,1.4160599898822113,1.376978953910194,1.028381723526739
2005-11-01,0.04373791279909447,0.023230859873834917,"EZA, EWH, EWD",22,1.477995498237966,1.4089673590377014,1.0489920073431718
2005-12-01,0.16194899945413507,0.09594310858478243,"EWW, EWA, EWZ",22,1.7173553903753203,1.5441480673582697,1.1121701517351077
2006-01-01,0.01999469149209807,-0.01001811463556372,"EWP, EWI, EWS",22,1.7516933815881666,1.5286786150051905,1.1458872809457197
2006-02-01,-0.004326251480209733,0.02743949565311332,"EWC, EWZ, EWY",22,1.7441151155031973,1.5706247852166328,1.110459437492345
2006-03-01,0.06551559631582837,0.05188308552325376,"EWG, EWC, EWA",22,1.8583818573388389,1.6521136452729694,1.1248511037095084
2006-04-01,-0.11640844560511081,-0.06082671281985785,"EWZ, EWW, QQQ",22,1.642050513985286,1.551621003026182,1.0582806695595999
2006-05-01,0.0091814014586939,0.0009371152605613178,"EWW, EWY, QQQ",22,1.6571268389696396,1.5530750507467252,1.0669972698182781
2006-06-01,-0.0034965835419060684,0.0076639055612581575,"EWI, EWU, QQQ",22,1.6513325565376475,1.5649776712651944,1.0551796277084518
2006-07-01,0.02685266036839583,0.02743008567663323,"EZA, EWC, EWN",22,1.6956752288336279,1.6079051428700166,1.0545866068983067
2006-08-01,0.031822754272515665,0.007569649938693454,"EWN, EWW, EWL",22,1.7496362849667921,1.6200764219361676,1.0799714515169514
2006-09-01,0.08367880143936728,0.05078814148237684,"EZA, IWM, EWP",22,1.8960437522476405,1.7023570924657245,1.1137755766044226
2006-10-01,0.05111264497480603,0.04839794502367933,"EWQ, EWC, EWS",22,1.9929555634129734,1.7847476774375512,1.116659564042328
2006-11-01,0.0029073266067791994,0.016011347856465744,"EWP, EWN, EWA",22,1.9987497361486126,1.8133238933370235,1.1022574309492794
2006-12-01,0.04660486147516246,0.03331462962773508,"EWA, EWL, EWU",22,2.091901190725336,1.873734107238669,1.1164343876987866
2007-01-01,0.011628629675056366,-0.009638116257674545,"EWG, EZA, EWJ",22,2.1162271349890904,1.8556748400771328,1.1404083782809318
2007-02-01,0.03174611571540977,0.03710206548202959,"EZA, EWL, EWI",22,2.183409126496544,1.9245242095070292,1.1345189193831076
2007-03-01,0.06361715738473904,0.04701805178899531,"EWL, SPY, EZA",22,2.3223114085321503,2.015011588458806,1.1525052371080329
2007-04-01,0.0401522568623761,0.042605128829035305,"IWM, EWP, EWU",22,2.4155574527219597,2.1008614167770925,1.1497938100208622
2007-05-01,0.029443306228568205,-0.00039506692822715433,"EWT, SPY, EWH",22,2.4866794505151524,2.1000314359105356,1.1841153460814615
2007-06-01,-0.006408625169890732,-0.008745847686217128,"EWP, EWA, EWD",22,2.4707432539991308,2.0816648808357945,1.186907305179266
2007-07-01,0.0006236911401563012,-0.004948388720235213,"EWZ, SPY, IWM",22,2.472284234676251,2.071363993820157,1.1935537365968636
2007-08-01,0.05214279941890163,0.06782557047138439,"EZA, IWM, EWN",22,2.6011960556314877,2.2118554383548945,1.1760244410756664
2007-09-01,0.05060650109638973,0.06743571323149376,"EWS, EWW, EWQ",22,2.732833486672727,2.361013487405315,1.1574832169535936
2007-10-01,-0.0532432460568775,-0.05825505987577595,"EWW, SPY, EWU",22,2.5873285609093366,2.2234725053290036,1.1636431548887058
2007-11-01,-0.0435219065610541,-0.03587905858987106,"EWC, EWU, EZA",22,2.4747230890386938,2.143696405037337,1.154418640262445
2007-12-01,-0.05652525662617707,-0.056868027229906366,"EWH, EWG, EWW",22,2.334838731352056,2.0217886195030212,1.1548382006057518
2008-01-01,-0.020419800144942265,0.003120770224618985,"EWJ, QQQ, EWW",22,2.287161791087177,2.0280981572272396,1.127737226591696
2008-02-01,-0.01681225676342513,0.000509605100210683,"EWA, EWJ, IWM",22,2.248709439795924,2.0291316863918905,1.1082126679488589
2008-03-01,0.07694339450609433,0.053354028983357366,"EWZ, EWP, EWG",23,2.4217327773517203,2.137394037198692,1.13303056675768
2008-04-01,0.040503992391647904,0.022748192323239963,"EWQ, SPY, EWW",23,2.5198226233401786,2.1860158878274345,1.1527009649707975
2008-05-01,-0.1162534561928047,-0.11295583991977697,"EWM, EWA, EWI",23,2.226884534384063,1.9390926271399096,1.1484157606584455
2008-06-01,0.004255754830117933,-0.005883071889535882,"EWI, EWN, EWL",23,2.236361608997383,1.9276848058139766,1.1601282545011633
2008-07-01,-0.0610748608252579,-0.04360654058193895,"EWI, EWS, EWJ",24,2.0997761349729176,1.8436251401000625,1.1389387621710088
2008-08-01,-0.0947101709517168,-0.12350768220260497,"EWM, EWI, EWY",25,1.9009059782692972,1.615923272195851,1.1763590579930123
2008-09-01,-0.21245451353841213,-0.24116568254673193,"EWU, EWD, EWT",25,1.4970499233738341,1.2262180333135901,1.2208676456407832
2008-10-01,-0.08402245272822634,-0.06820609375180972,"EWW, TUR, EWA",25,1.3712641169553614,1.1425824911732436,1.2001445213354351
2008-11-01,0.04757559982080087,0.059286899996923784,"EWZ, TUR, EWN",25,1.4365028298322537,1.2103226650656678,1.1868759226733263
2008-12-01,-0.05491068826290033,-0.07279647412051961,"EWU, EWC, SPY",25,1.3576234707545607,1.1222154425007367,1.2097707974230354
2009-01-01,-0.07432150835424256,-0.08246847769903339,"EWA, EZA, EWL",25,1.25672284663096,1.0296680433073537,1.2205126252090848
2009-02-01,0.12372236337866689,0.10003718080814136,"EZA, EWL, EWJ",25,1.412207567328108,1.1326731315280565,1.2467917954608314
2009-03-01,0.16078824335836114,0.15041697662406123,"TUR, EWL, IWM",25,1.639273941336179,1.3030463994758144,1.258031902774622
2009-04-01,0.1544083737489189,0.1428835253503744,"ECH, EWG, EWN",25,1.892391564746879,1.489230262728031,1.2707179085122278
2009-05-01,-0.011651249517975798,-0.01835494211361457,"EWH, QQQ, EWS",25,1.8703428384403005,1.461895527461815,1.279395690940818
2009-06-01,0.1199691351629829,0.12278566323613985,"EWH, EWJ, EWS",25,2.0947262512262617,1.6413953393831606,1.2761863037904468
2009-07-01,0.0126403323275291,0.02736068872324296,"IWM, EWT, EZA",25,2.1212042871769605,1.686305046335805,1.2579006934635901
2009-08-01,0.05219151990223347,0.0657809780467547,"EWW, EWS, EWH",25,2.2319131629478597,1.797231841568952,1.241861573629498
2009-09-01,-0.031777956366257534,-0.03116647642320119,"EWJ, EWS, EWP",25,2.1609875238424268,1.741218457751667,1.241077771845345
2009-10-01,0.07948179247367344,0.05116775497110402,"EWG, ECH, EWW",25,2.332746685750668,1.830312697149068,1.2745071863317134
2009-11-01,0.019376209547932097,0.018269248322799796,"EWN, IWM, EWD",25,2.3779464743560172,1.8637511343216577,1.2758927040017654
2009-12-01,-0.0523878194222204,-0.042791854556134976,"EWU, EWP, EZA",26,2.2533710438617485,1.7839977668529337,1.2631019420146552
2010-01-01,0.03627205886946867,0.01327058639030927,"EWZ, EWA, EWY",26,2.3351054510194578,1.8076724633380743,1.2917746430165884
2010-02-01,0.06048614970407234,0.07209938239207643,"EWP, EWZ, EWQ",26,2.476346988904616,1.9380045315119128,1.2777818362337476
2010-03-01,0.009545284772615336,-0.0008031031976523905,"THD, EWS, ECH",26,2.499984426109519,1.9364481138755907,1.2910154463710735
2010-04-01,-0.14863705652977574,-0.09750562515810215,"EWA, EWY, EWP",26,2.1283940996423194,1.7476335299459236,1.2178720899845505
2010-05-01,-0.010307847215488232,-0.02062315182046032,"EWW, EWZ, EWY",26,2.10645493844886,1.7115918183313217,1.2306993500953405
2010-06-01,0.13652615429763626,0.12005625694520691,"EWC, EWZ, TUR",26,2.394041130396547,1.9170791254582207,1.2487962017865708
2010-07-01,-0.04442324193447043,-0.028119355849817826,"QQQ, EWS, EWD",26,2.287690062059868,1.8631720953372033,1.2278468896056722
2010-08-01,0.13068330039959644,0.11241216217677372,"EWD, EWU, EWP",26,2.586652949661209,2.0726152990814883,1.248014019199571
2010-09-01,0.043614572964703,0.037108709073045885,"EWP, SPY, EWA",28,2.699468713468572,2.1495273772354473,1.2558429085655174
2010-10-01,-0.021288117154225,-0.036168167829504286,"EWS, EZA, EWD",28,2.6420021072420883,2.0717829103014815,1.275231151924904
2010-11-01,0.0849008568436251,0.0664361947825975,"EWN, EWP, EWU",28,2.8663103499296048,2.2094242832775275,1.2973109654057176
2010-12-01,-0.018084913147027534,0.009277672885226037,"QQQ, THD, IWM",28,2.814473376198702,2.2299225990424514,1.2621394919300166
2011-01-01,-0.014431380616501238,0.0101024131185017,"EWY, TUR, QQQ",29,2.773856639671769,2.252450198360261,1.2314841152497318
2011-02-01,0.045920695742100504,0.023527594740022497,"TUR, VNM, EPHE",29,2.901234066454342,2.3054449337993645,1.2584269630214586
2011-03-01,0.049122875463537496,0.05610759254807796,"VNM, EIDO, EPOL",29,3.043751026191351,2.4347978987870103,1.2501041781363926
2011-04-01,-0.08712345994809578,-0.034497504121560246,"VNM, EWY, EWI",29,2.7785689055689935,2.3508034482384392,1.1819656414282946
2011-05-01,-0.02290882855917957,-0.026242254733090522,"VNM, EWP, THD",29,2.7149151468714465,2.2891130653223386,1.186011817415034
2011-06-01,-0.04419521187028084,-0.005901994139579794,"VNM, EZA, EWP",29,2.5949288967456283,2.2756027334259707,1.1403259710621392
2011-07-01,-0.04335986849359436,-0.07652258746623165,"VNM, EWT, ECH",30,2.48241312103251,2.101467724218986,1.1812758732495419
2011-08-01,-0.142587030200968,-0.14275863762557356,"EWG, MCHI, VNM",30,2.1284532063725683,1.801465054895369,1.181512347735322
2011-09-01,0.15305577836440326,0.12442997785691674,"EPHE, ECH, EPOL",30,2.4542252685861317,2.025621311786009,1.2115913543693013
2011-10-01,-0.0451330042903754,-0.0273992575301835,"EPOL, EWP, EWY",30,2.3434587090094863,1.9701207918057562,1.1895000137842002
2011-11-01,-0.013310021510422232,-0.041144329925556306,"EWL, ECH, EWH",30,2.3122672231837837,1.889061491954502,1.2240296216040143
2011-12-01,0.0909137920426016,0.10118416993355557,"EWP, ECH, EWI",30,2.522484204659238,2.080204610971362,1.2126135051115723
2012-01-01,0.0558267355920428,0.051213686705507216,"EWI, ECH, EWY",30,2.6633062633878537,2.186739558201001,1.2179348260288103
2012-02-01,0.013438619819990399,-7.752230765079004e-05,"EIDO, EWC, EWL",30,2.6990974237257226,2.186570037104218,1.2343978824937478
2012-03-01,-0.04997045078391566,-0.013722486123214483,"EWZ, EWI, EWC",30,2.5642223087524427,2.156564860112619,1.1890309242164576
2012-04-01,-0.11668560058330345,-0.10767777440963186,"EWN, EWZ, EWQ",30,2.265014488626559,1.924350755605673,1.177027879157958
2012-05-01,0.05585157850973136,0.051363855571889785,"EWA, EWU, EIDO",31,2.3915191231637642,2.0231928298862596,1.1820519961501699
2012-06-01,0.027759700848092667,0.020180648529171803,"MCHI, EWZ, EWU",32,2.4579069785952834,2.0640221732929347,1.1908336113821616
2012-07-01,0.017579653954332235,0.022408261459545456,"EDEN, TUR, MCHI",32,2.501116132730927,2.110273321810382,1.1852095682967003
2012-08-01,0.026882462430571935,0.037234658456887136,"EWD, EWI, EWN",32,2.568352293203563,2.1888486281986728,1.1733804979091704
2012-09-01,0.03118841765465757,0.0039890043097256505,"EWN, EWI, EWP",32,2.6484551372082934,2.1975799548098944,1.205168954791182
2012-10-01,0.022901281323403664,0.018369972894426982,"EWP, THD, EDEN",32,2.7091081533779144,2.237949439013088,1.2105314383566246
2012-11-01,0.05580955288682866,0.04348659991672338,"EWZ, ECH, EWM",32,2.860302268139998,2.3352702509013055,1.2248270910127232
2012-12-01,0.05695774732729236,0.041548150265657176,"SPY, EPHE, QQQ",32,3.0232186420083975,2.4322964101966718,1.2429482810295907
2013-01-01,0.010216429205032532,-0.010140507391329613,"QQQ, EWY, EWH",32,3.0541051412358113,2.4076316904711677,1.268510110297697
2013-02-01,-0.0034060409185814656,0.003448804968299993,"INDA, MCHI, QQQ",32,3.0437027341551124,2.415935142607101,1.259844554796521
2013-03-01,0.05495960264285114,0.027598267534221444,"TUR, EWP, EWS",32,3.210983426987237,2.482610767018099,1.293389793376268
2013-04-01,-0.06975112111795016,-0.024427190492258045,"EWW, THD, TUR",32,2.9870137330637196,2.421967560894017,1.2333004707796862
2013-05-01,-0.07825213375762917,-0.06278827713283416,"TUR, EWP, EZA",32,2.7532735348881423,2.269896390473869,1.2129511930336885
2013-06-01,0.055918058717526996,0.048363596251625944,"EWD, EWZ, VNM",32,2.9072312460774303,2.37967674303577,1.2216916665616757
2013-07-01,-0.0277461016479404,-0.038474011521207566,"EWZ, ECH, EWJ",32,2.8265669124096973,2.2881210326074624,1.2353222893933373
2013-08-01,0.05217622425156704,0.0695859364454059,"EWD, ECH, EIDO",32,2.9740465014936452,2.4473420773618817,1.215214876989949
2013-09-01,0.06231928602675779,0.04561326829969062,"TUR, EIDO, SPY",32,3.1593869560771064,2.5589733481577115,1.2346306609061217
2013-10-01,-0.022564979213448938,-0.003502572522289432,"THD, TUR, EWW",32,3.088095455085985,2.550010358423183,1.2110129062360087
2013-11-01,-0.0039313166870884346,-0.005121692635453983,"EIDO, EWG, EWA",32,3.0759551738920834,2.5369499891501155,1.2124618881125584
2013-12-01,-0.10062278416323804,-0.04151101307645809,"TUR, ECH, SPY",32,2.766444000333745,2.431638624976185,1.1376871431135616
2014-01-01,0.06365836909202739,0.056071840684381924,"TUR, EDEN, EWP",32,2.9425513135794152,2.567985078557839,1.1458599733110326
2014-02-01,0.0771804622768556,0.021822643033743254,"TUR, EWS, EWW",32,3.1696587842348434,2.6240253002431855,1.2079375850305598
2014-03-01,0.018396218115655033,0.014316739521356758,"EWP, ASHR, EWL",33,3.227968518581829,2.661592786964217,1.2127957869406514
2014-04-01,0.03260018891567983,0.017327415641701423,"VNM, INDA, ASHR",33,3.3332009021014635,2.7077113114529006,1.2310030570847446
2014-05-01,-0.006223246804194099,0.0028205758804633095,"EPOL, EZA, EWN",33,3.3124575702397236,2.7153486166692424,1.2199013967874663
2014-06-01,-0.009850079614904103,0.006368024590623751,"EWI, VNM, EWM",33,3.2798295994518702,2.732640023432308,1.2002420997011782
2014-07-01,0.0087681037776318,0.021153440199227547,"EWG, EPHE, EWP",33,3.3085874857528124,2.790444760753999,1.185684637906542
2014-08-01,-0.03117523787751983,-0.04477147510386124,"EWD, EWL, EDEN",33,3.205441483845883,2.665512432619201,1.2025610702915137
2014-09-01,-0.013455461101270069,0.009278938672341369,"EWL, EWG, EWU",33,3.1623107906475973,2.6902455590118377,1.1754729154944337
2014-10-01,-0.019045196430360133,0.0049743447485239515,"EWZ, EWD, VNM",33,3.1020839604658663,2.703627767880548,1.1473783474630015
2014-11-01,-0.0418995240168136,-0.04067545638272469,"SPY, EDEN, EWM",33,2.9721081190621543,2.5936564745329993,1.1459143291508167
2014-12-01,-0.013483652802031803,0.0014890516308562348,"EWZ, EPOL, EWG",33,2.9320332450946207,2.597518562936284,1.1287824029177274
2015-01-01,0.06719238355781174,0.048135698910579464,"EWP, EWW, IWM",33,3.1290435475032736,2.7225519343964257,1.1493053660322423
2015-02-01,0.03484211400004473,-0.015404792321462671,"EPOL, ASHR, EWA",33,3.2380660394964873,2.6806115872626526,1.2079579357496875
2015-03-01,0.08773187936529647,0.038443114667501416,"ASHR, VNM, EWM",33,3.522147658650456,2.783662645890824,1.2652925683540588
2015-04-01,-0.04491554612588697,-0.013780599840358848,"THD, EWY, EWC",33,3.3639484730261566,2.745302104877248,1.225347282198864
2015-05-01,-0.054059659641786266,-0.03705644114179296,"EWZ, ASHR, EIDO",33,3.182094563521856,2.643570979011424,1.2037106583428359
2015-06-01,-0.06064015825588953,-0.004914934616806084,"ECH, MCHI, EWC",33,2.989131845604685,2.630578000494697,1.1363023050609256
2015-07-01,-0.12144836578086754,-0.08446193564786768,"EWS, EWZ, TUR",33,2.626106667852447,2.4083942907002176,1.0903973149217738
2015-08-01,-0.018989656664253035,-0.038045073934266364,"EWY, EWM, VNM",33,2.5762378038662237,2.3167667518476627,1.1119970544344304
2015-09-01,0.08230135188109743,0.06265181062785431,"THD, EIDO, EZA",33,2.788265657891603,2.4619163836533318,1.13255904075588
2015-10-01,-0.05617764300288867,-0.018480262071426144,"EWZ, EZA, EPOL",33,2.631627465165354,2.4164195236854806,1.089060669875586
2015-11-01,-0.06354424917386191,-0.05140562721341738,"VNM, ECH, EZA",33,2.4644026737861084,2.292201962459681,1.0751245807073844
2015-12-01,0.15708645945342467,-0.019418799125833233,"EWM, THD, EWC",33,2.8515269644787216,2.247690152994836,1.2686477095961513
2016-01-01,-0.0026172619423793647,-0.008027110686786524,"EZA, ASHR, THD",34,2.844063771476923,2.229647695347146,1.2755664392235362
2016-02-01,0.10088197911619351,0.09861376874402278,"EWI, ASHR, EWH",34,3.1309785534761803,2.449521657556753,1.2781999880740547
2016-03-01,-0.017905277493743866,0.014263022732831379,"VNM, EIDO, EPOL",34,3.0749175136492286,2.4844592406430475,1.237660680178176
2016-04-01,0.013342187012588033,-0.02249881138750581,"VNM, QQQ, EWL",34,3.115943638164619,2.4285618607878736,1.2830406704788426
2016-05-01,0.0760604890971682,-0.002147660966800871,"EPHE, EWZ, KSA",34,3.3529438352826295,2.423346133273998,1.3836008770041954
2016-06-01,0.033967119698742,0.052882761838766175,"EWI, TUR, EWD",34,3.466833679878834,2.551499369692822,1.358743694416907
2016-07-01,0.0038161335147864667,0.0011284060731852434,"TUR, VNM, EWI",34,3.48006358007481,2.5543784970773116,1.3623915109122064
2016-08-01,-0.030846297359261,0.007552285637232603,"EWW, EPHE, ASHR",34,3.372716504054688,2.5736698931128443,1.3104697354855404
2016-09-01,-0.004185593876275866,-0.008720872714897835,"TUR, EWW, EWY",34,3.358599682508902,2.5512252455648423,1.316465368296129
2016-10-01,-0.06597384417641253,-0.031215996578392934,"EDEN, EWZ, MCHI",34,3.1370199504041114,2.471586207028581,1.2692334750385001
2016-11-01,0.0199937248854495,0.0066082792059766506,"TUR, EDEN, EWW",34,3.199740664252658,2.4879191387662667,1.2861111980670628
2016-12-01,0.09286178887379899,0.05764860585943167,"EWP, EWS, EWM",34,3.4968743062673977,2.63134420860714,1.3289307779761783
2017-01-01,0.005753133811679166,0.013540600454120616,"EWI, EWP, EWT",34,3.5169922920739767,2.6669741891931533,1.3187200334840816
2017-02-01,0.04824435866444207,0.03529323183278826,"EIDO, EWY, EDEN",34,3.686667329632872,2.76110032754441,1.3352167224258804
2017-03-01,0.012023562998722167,0.026084122785343257,"EWZ, QQQ, IWM",34,3.7309942065260437,2.8331212075107297,1.316920079746328
2017-04-01,-0.0153305144395667,0.022633739412577368,"THD, ECH, EWZ",34,3.6737961459689568,2.897245334645774,1.2680307401092514
2017-05-01,0.021980399897732764,0.002756547541928941,"EWT, EIDO, EWY",34,3.754547654400104,2.9052317291513567,1.2923401657522307
2017-06-01,0.025681815984749168,0.04621859823569429,"QQQ, EWD, IWM",34,3.850971256366379,3.0395074672225944,1.2669721321281289
2017-07-01,0.021749103648274565,0.013387684006205972,"THD, SPY, EWD",34,3.934726429367618,3.0801994327282736,1.277425866507108
2017-08-01,-0.030155494064813836,0.006664233053240565,"EPOL, EWP, EZA",34,3.8160728098801564,3.100726599598434,1.2307027683041663
2017-09-01,0.008817342428578434,0.016070738864342293,"EWZ, EWT, EDEN",34,3.8497204305772574,3.1505575670703,1.2219171840612035
2017-10-01,-0.0007497414843350333,-0.0004754016798879416,"EWZ, EWH, EWN",34,3.8468341354673616,3.1490597867103314,1.2215818040996804
2017-11-01,0.004950551192329434,0.021857532000266536,"EPOL, QQQ, EWY",34,3.8658780847833927,3.217890461769105,1.2013703172040364
2017-12-01,0.10221144865253053,0.07395614204238805,"EPOL, EWI, QQQ",34,4.261015084143174,3.4558732258365463,1.2329778338763369
2018-01-01,-0.08717369167456739,-0.047866357304121504,"INDA, EWY, EPOL",34,3.889566668977396,3.2904531632109073,1.18207629042252
2018-02-01,-0.0086445489084467,-0.003686407465253696,"INDA, EPHE, EWI",34,3.8559431196747567,3.278323212105979,1.1761937033651169
2018-03-01,-0.0027377707468398,-0.007641647829123247,"EPOL, IWM, EWL",34,3.845386431400233,3.2532714206490247,1.1820060284527634
2018-04-01,-0.04614274945489686,-0.031047833732527973,"EPOL, VNM, KSA",34,3.667949728738872,3.152264390493929,1.163592032381567
2018-05-01,-0.04962749003598893,-0.042593469331566956,"EWZ, EWW, ASHR",34,3.4859185901233753,3.0179985138524352,1.155043176503638
2018-06-01,0.08875327439324225,0.053619967658586065,"VNM, EWZ, EPHE",34,3.7953052792650994,3.1798234965588636,1.1935584737241853
2018-07-01,-0.1188281811457842,-0.030688574975544475,"TUR, MCHI, EWH",34,3.344316056037035,3.082239244775719,1.085028056049032
2018-08-01,0.06424324651259626,0.003542770026268091,"TUR, EWI, EWT",34,3.5591657768410556,3.0931589095858976,1.1506572668513644
2018-09-01,-0.03911352851168443,-0.07468225507417327,"TUR, EWI, EPHE",34,3.4199542447507714,2.862154826915252,1.194887925904658
2018-10-01,0.05475269111288724,0.026453754841087484,"EZA, EWP, EWY",34,3.607205943133818,2.9378695690237033,1.227830527661085
2018-11-01,-0.029258541019372735,-0.04676381656193675,"ASHR, EWW, EZA",34,3.501664360081312,2.8004835754149826,1.2503784670697191
2018-12-01,0.0923610327809602,0.09873032886200772,"MCHI, EWN, EWD",34,3.825081696830702,3.0769762397883547,1.2431300727540895
2019-01-01,0.04095862942452133,0.008600574662520651,"MCHI, EWN, VNM",34,3.9817518005697097,3.103440003673456,1.2830123333644665
2019-02-01,-0.035274521953096535,0.0014101879650219302,"TUR, EPHE, EWW",34,3.8412974092687318,3.107816437416804,1.2360116778523742
2019-03-01,0.025043553218118398,0.028116386567448252,"EWW, EWZ, VNM",34,3.9374971453643735,3.1951970057518846,1.2323174872398246
2019-04-01,-0.08672937358888366,-0.05439033227724824,"EWY, EWD, EWW",34,3.5960004844389037,3.021409178917771,1.1901732838870052
2019-05-01,0.06388563036496918,0.043368254026606524,"EWH, EWS, ECH",34,3.8257332421800174,3.1524424197073975,1.2135775163611437
2019-06-01,0.037522865617938966,-0.004804687430957112,"TUR, VNM, EWD",34,3.96928571651642,3.1372959192366134,1.2651932806779196
2019-07-01,-0.061993713822324235,-0.03216922915071668,"EWZ, EZA, EWM",34,3.723214953727662,3.0363715278970824,1.2262053307772487
2019-08-01,0.024779214194317663,0.02020362531654271,"ECH, EWZ, EWM",34,3.8154732945575667,3.0977172405685334,1.2317048323807958
2019-09-01,0.0182124113794273,0.025665744355626907,"MCHI, EIDO, THD",34,3.884962263805268,3.1772224593509835,1.2227542495085018
2019-10-01,-0.037378425808585,0.0002843609382114085,"ECH, EZA, MCHI",34,3.7397484900584708,3.178125937310431,1.1767150087272271
2019-11-01,0.0466433670948626,0.03365503328100668,"EZA, ECH, EWN",34,3.914182951722726,3.285085871501844,1.1915009545650863
2019-12-01,-0.03231275968405623,-0.028670549426233444,"EZA, ECH, KSA",34,3.7877048986442796,3.1909006546535292,1.1870331635428342
2020-01-01,0.039200621302189535,-0.07014145285261933,"ASHR, EWH, MCHI",34,3.9361852839804823,2.9670862468277566,1.3266164029403704
2020-02-01,-0.20674559486584934,-0.18173798022102716,"EPOL, EWU, VNM",34,3.1223963159417356,2.427853985187692,1.28607252948136
2020-03-01,0.08548892721917557,0.08363727966122927,"EWP, THD, EIDO",34,3.3893266273447007,2.630913087923465,1.288270084976406
2020-04-01,0.061670370647501804,0.051144755801365065,"IWM, EWA, EWQ",34,3.598347656698496,2.765470495339926,1.301170149080254
2020-05-01,0.047211081363944564,0.039752493856796925,"ECH, EWZ, EWS",34,3.768229540694648,2.87540484421708,1.3105039967756846
2020-06-01,0.06786968231890704,0.05207301385401786,"EWZ, EWQ, IWM",34,4.023978082526315,3.0251358405059063,1.3301809553958306
2020-07-01,0.0510658437689708,0.030766720381652762,"EWG, EWI, EWQ",34,4.2294659186183665,3.1182093490272678,1.3563765113903459
2020-08-01,-0.02288371705819803,-0.026319149733754897,"EWY, INDA, EIDO",34,4.132680017229412,3.0361407302690244,1.3611622070177314
2020-09-01,-0.029035089417435034,-0.021984762601794234,"THD, EWZ, QQQ",34,4.012687283395509,2.9693918970884217,1.3513498461857023
2020-10-01,0.262607238922898,0.1491841860953635,"EPOL, TUR, EWP",34,5.066448011549028,3.4123782104537255,1.4847263987409443
2020-11-01,0.08889293227824475,0.05823926897191293,"EIDO, ECH, EZA",34,5.516819431530903,3.611112622886235,1.5277339722297292
2020-12-01,-0.015291082179001133,-0.0012611872711471212,"EWW, QQQ, THD",34,5.432461292236654,3.6065583336115723,1.5062729587952182
2021-01-01,0.008674426392396734,0.022937111769180837,"QQQ, EPOL, EWD",34,5.479584777845706,3.6892823652116915,1.4852711816031698
2021-02-01,0.0511288100532816,0.02141502167332543,"EDEN, EWW, EWN",34,5.759749427123032,3.7682884270217176,1.528478920514923
2021-03-01,0.0100024402368674,0.028276579905049132,"EWW, EPHE, MCHI",34,5.817360976547162,3.874842735833669,1.501315375395632
2021-04-01,-0.007157063080228,0.03141544710069892,"MCHI, EWW, ECH",34,5.7757257570775575,3.9965726528247787,1.4451697138535122
2021-05-01,-0.026553721839452368,-0.016598264394434424,"EWA, EIDO, INDA",34,5.6223587419031595,3.9302364832616266,1.4305395529882399
2021-06-01,-0.0205690536452571,-0.002528744523164322,"THD, EWT, EWP",34,5.506712143328073,3.920297919279838,1.4046667515359803
2021-07-01,0.0050850380114429985,0.025732219501084702,"QQQ, EWS, EWD",34,5.534713983894971,4.021175885848392,1.3763919164474077
2021-08-01,-0.025784750763681297,-0.04349366264210642,"KSA, VNM, EDEN",34,5.392002763271978,3.846280218444729,1.4018746573415997
2021-09-01,0.017499252863344736,0.03453558930098215,"EWQ, VNM, ECH",34,5.486358783066327,3.9791137724054284,1.3787891216163315
2021-10-01,-0.008199261067177268,-0.04291526292027364,"EWN, VNM, EPHE",34,5.4413746950957655,3.8083490586729676,1.4288014599669683
2021-11-01,0.02308852008426013,0.017289017111248667,"EWA, IWM, TUR",34,5.567007984029469,3.8741916707139725,1.4369469704124185
2021-12-01,0.01933799164231453,0.005156064996131585,"TUR, EWY, MCHI",34,5.674662737897329,3.894167254775645,1.457221112148729
2022-01-01,-0.042655421484592095,-0.018231154378320714,"EWN, EWA, EWD",34,5.432607607029409,3.823172090378829,1.4209686298717212
2022-02-01,0.05640580398810377,0.014293086176640742,"EDEN, EWS, EWZ",34,5.739038206855791,3.8778170185347416,1.4799662231159953
2022-03-01,-0.059233163824529804,-0.06746516314536792,"EWH, EWC, MCHI",34,5.399096816553866,3.616199460731411,1.4930307012052502
2022-04-01,0.031208959698646566,0.016056996092218327,"EPOL, EWY, MCHI",34,5.567597011510788,3.6742647613410573,1.515295541598012
2022-05-01,-0.09703450125188623,-0.100812965404723,"QQQ, EPOL, SPY",34,5.027348012327346,3.303851235068189,1.5216629486719566
2022-06-01,0.04992232155734633,0.05295655487197197,"EWY, EWG, EWI",34,5.278324896379438,3.4788118142869093,1.517278076009235
2022-07-01,-0.07160680295727233,-0.028868530865982466,"EWM, EPOL, EWG",34,4.900360925579931,3.378383628049223,1.4505045800288647
2022-08-01,-0.08697776813047327,-0.09388598620846726,"QQQ, EWG, EWS",34,4.474138469239208,3.0612007493392825,1.4615632346898153
2022-09-01,0.07777685878312453,0.05088815229527184,"EWN, EWP, EWA",34,4.822122905137371,3.21697959927806,1.4989597404408563
2022-10-01,0.10670232740773523,0.12071098527199035,"EWU, EDEN, SPY",34,5.336654642161678,3.605304376306807,1.480223050578722
2022-11-01,-0.03549902905239433,-0.034713449073255485,"VNM, MCHI, KSA",34,5.147208583976985,3.4801518264462956,1.4790183993877586
2022-12-01,0.20293855512988945,0.09920840442080496,"EWT, EWW, IWM",34,6.191775656961439,3.825412136290183,1.6185904776697115
2023-01-01,-0.06945246821902946,-0.04341370233497698,"EWY, VNM, QQQ",34,5.761741554926964,3.6593368324966726,1.5745316210740496
2023-02-01,-0.007762626219398335,0.02358748198657987,"EZA, TUR, EIDO",34,5.7170153088632905,3.745651374116016,1.526307372963273
2023-03-01,0.0169901858470865,0.017035767176432758,"VNM, INDA, EWA",34,5.814148461451516,3.809461418849542,1.5262389671890653
2023-04-01,-0.0142197956046542,-0.03265518074904067,"EWY, TUR, EWM",34,5.731472458714561,3.685062767660513,1.5553255996106747
2023-05-01,0.04705260576628297,0.03269218609162075,"EWN, EZA, KSA",34,6.001153172774766,3.8055355254201735,1.5769536593965108
2023-06-01,0.1079339889684342,0.06746365177471239,"EWY, EZA, EWM",34,6.648881573122922,4.062270848923418,1.6367400944929626
2023-07-01,-0.0631706626826082,-0.04762462049066779,"EDEN, ECH, ASHR",34,6.228867318050565,3.868806741413137,1.610022866062155
2023-08-01,-0.05252030232125023,-0.04054221421044734,"ECH, EWH, EWA",34,5.901725323387594,3.7119567497639427,1.589922976274685
2023-09-01,-0.07768741622644687,-0.03611708943766732,"EIDO, EWQ, TUR",34,5.44323553173542,3.5778916758439654,1.5213528035198132
2023-10-01,0.08327487507682424,0.08437533101043185,"EIDO, QQQ, EPHE",34,5.896520290654418,3.8797774703127685,1.519808890013238
2023-11-01,0.017047813895928136,0.03302993385111389,"THD, EWS, ASHR",34,5.997043071203059,4.007926263514242,1.4962957591801387
2023-12-01,0.0325975634154388,-0.00671266673850393,"TUR, EWP, EWW",34,6.192532063021718,3.9810223901947737,1.5555129954239584
2024-01-01,0.051758149729765564,0.03355197387463282,"MCHI, ECH, QQQ",34,6.513046064745971,4.114593549424917,1.5829135943831627
2024-02-01,0.010817728878061733,0.022212368711851574,"QQQ, TUR, EWW",34,6.58350243124472,4.20598841844415,1.5652687968361176
2024-03-01,-0.04466307025536867,-0.02200042981964823,"EWI, EWY, QQQ",34,6.289462999631647,4.113454865421916,1.5289976930344993
2024-04-01,0.006881839611945634,0.03269600308664028,"EWJ, EWQ, EWZ",34,6.332746075240379,4.247948398398507,1.4907775427846177
2024-05-01,0.0008016470919518052,-0.02260148897065105,"EZA, EWW, EWY",34,6.337822702715664,4.1519384395242085,1.5264731871703636
2024-06-01,-0.0026870384641994997,0.035458194796348055,"QQQ, SPY, VNM",34,6.32079272933419,4.299158681495304,1.4702394579061537
2024-07-01,-0.0199500317026012,0.027069463377112125,"SPY, EPOL, TUR",34,6.194692713998402,4.415534599976434,1.402931530427021
2024-08-01,0.007721929947505833,0.035285484000560745,"EWZ, EWW, ECH",34,6.242527697182221,4.571338875457825,1.365579727789711
2024-09-01,-0.01644111946750893,-0.04660636179693944,"EZA, EWC, QQQ",34,6.139893553533615,4.358285401931823,1.4087864807596329
2024-10-01,0.007341044658369766,-0.007185816941848701,"ASHR, SPY, EWW",34,6.184966786307742,4.32696756085321,1.4293998508942285
2024-11-01,-0.07590300686534897,-0.04383672329234184,"EWY, QQQ, EZA",34,5.71550920986467,4.137287481193149,1.3814629115925923
2024-12-01,0.0644017361342649,0.047905315196655474,"EWY, IWM, EWW",34,6.083597925871334,4.335485542038884,1.4032102902620571
2025-01-01,-0.011606704179470536,0.01149337920447997,"EPHE, THD, EWY",34,6.012987404398905,4.385314921409078,1.3711643319031754
2025-02-01,-0.030637921786812267,0.0050621780709060385,"EIDO, TUR, IWM",34,5.8287619665978445,4.4075141664382524,1.3224601774355984
2025-03-01,0.0388306765189659,0.027159844856314307,"EWL, EWN, EWQ",34,6.055096737028856,4.527221567400724,1.3374862809079064
2025-04-01,-0.005948054573707067,0.044877802801311165,"TUR, EWM, EPHE",34,6.019080691187933,4.730393324140377,1.272427106742068
2025-05-01,0.022133499451931004,0.025470865731020986,"EWS, EZA, EWC",34,6.15230401036747,4.850880537354475,1.2682860282769925
2025-06-01,-0.0234861095324113,0.010508687107350345,"EZA, EDEN, EWA",34,6.007810324503287,4.901856923116668,1.225619274232802
2025-07-01,0.048064616811149534,0.04569560637570363,"EZA, EIDO, EWN",34,6.296573425624605,5.125850247585425,1.2283958995077275
2025-08-01,0.0065745598967847,0.03009752020646966,"EWS, EWG, EWI",34,6.337970624755878,5.280125628987465,1.2003446641422562
2025-09-01,0.003341315184511999,0.016479373530998997,"EWS, EWP, KSA",34,6.359147782243366,5.367138791518149,1.1848301356195443
2025-10-01,0.021267381558457366,0.008242031286588892,"EZA, EPOL, EWQ",34,6.494390204514954,5.411374917357307,1.2001368050999037
2025-11-01,-0.017822615347414337,0.009033736372759426,"MCHI, KSA, ASHR",34,6.378643185983869,5.460259851774876,1.1681940711870094
2025-12-01,0.07740415874706047,0.07595826655091276,"THD, KSA, MCHI",34,6.872376695742619,5.87501172503324,1.1697639115271274
2026-01-01,0.0543039159645449,0.034488450227579154,"EWC, EWW, EWP",34,7.245573662304923,6.077631774498493,1.1921705577338642
2026-02-01,-0.03968971514651183,-0.06959874886198057,"MCHI, EWS, EWP",34,6.9579989075749715,5.654636206949579,1.23049452748588
2026-03-01,0.0911506217466775,0.059851366074822804,"EWY, EZA, VNM",34,7.592224834113133,5.993073908591666,1.2668331727444453
